{"schemaVersion":"1.0","appDefinitionTemplate":{"id":"/providers/Microsoft.PowerApps/apps/","type":"Microsoft.PowerApps/apps","tags":{"minimumRequiredApiVersion":"2.2.0","primaryDeviceWidth":"1136","primaryDeviceHeight":"640","sienaVersion":"20201209T234434Z-3.20113.31.0","deviceCapabilities":"","supportsPortrait":"false","supportsLandscape":"true","primaryFormFactor":"Phone","publisherVersion":"3.20113.31","hasComponent":"false","hasUnlockedComponent":"false","isUnifiedRootApp":"false"},"properties":{"appVersion":"2020-12-09T23:44:34Z","lifeCycleId":"Published","createdByClientVersion":{"major":3,"minor":20113,"build":31,"revision":0,"majorRevision":0,"minorRevision":0},"minClientVersion":{"major":3,"minor":20113,"build":31,"revision":0,"majorRevision":0,"minorRevision":0},"backgroundColor":"rgba(0, 176, 240, 1)","backgroundImageUri":"/812555905846752615/Nd83f50ee-e733-4c4c-ac5a-39c842377ac6-logoSmallFile","displayName":"Admin - Access this Flow","description":"","commitMessage":"","appUris":{"documentUri":{"value":"/812555905846752615/Naf0061db-79ea-444c-984e-83985d942ae3-document.msapp"},"imageUris":[]},"createdTime":"0001-01-01T00:00:00Z","lastModifiedTime":"0001-01-01T00:00:00Z","sharedGroupsCount":0,"sharedUsersCount":0,"icons":{"smallIconUri":"/812555905846752615/N9f5889bb-8e12-4783-8a39-bed40008bac5-small.png","mediumIconUri":"/812555905846752615/N62d3b52e-aac7-426b-9fab-3b2d4388a385-medium.png","largeIconUri":"/812555905846752615/N150f86a0-4beb-4115-a281-ad5fe1536968-large.png","wideIconUri":"/812555905846752615/N2cb14d46-0ba5-4218-92e0-2e341bfcf31e-wide.png"},"connectionReferences":{"4112d346-5d83-45f2-b3ff-70eec1106550":{"id":"db9aac44-a224-471a-aeea-905fdac9050d","displayName":"Power Automate Management","iconUri":"https://connectoricons-prod.azureedge.net/releases/v1.0.1405/1.0.1405.2174/flowmanagement/icon.png","dataSources":["Flow"],"dependencies":[],"dependents":[],"parameterHints":{},"isOnPremiseConnection":false,"bypassConsent":false,"dataSets":{},"apiTier":"Standard","isCustomApiConnection":false,"actions":["GetFlow","DeleteFlow"]},"1062f622-4ff2-4333-ae98-d4f65cbcb202":{"id":"cce03b5d-3986-4bd4-805d-0a299457e4e6","displayName":"Power Automate for Admins","iconUri":"https://connectoricons-prod.azureedge.net/releases/v1.0.1402/1.0.1402.2163/microsoftflowforadmins/icon.png","dataSources":["MicrosoftFlowforAdmins"],"dependencies":[],"dependents":[],"parameterHints":{},"isOnPremiseConnection":false,"bypassConsent":false,"dataSets":{},"apiTier":"Standard","isCustomApiConnection":false,"actions":["GetAdminFlowOwnerRole","EditAdminFlowOwnerRole"]},"cb217354-d678-49e9-ad30-279f888be50e":{"id":"83d9047f-9d75-46d3-96d4-d1f71ae5f731","displayName":"Office 365 Users","iconUri":"https://connectoricons-prod.azureedge.net/releases/v1.0.1411/1.0.1411.2206/office365users/icon.png","dataSources":["Office365Users"],"dependencies":[],"dependents":[],"parameterHints":{},"isOnPremiseConnection":false,"bypassConsent":false,"dataSets":{},"apiTier":"Standard","isCustomApiConnection":false,"actions":["MyProfileV2","UserProfile","UserPhotoMetadata","UserPhoto","UserProfileV2","UserPhotoV2","SearchUser"]},"1826de84-8ae9-4ef8-8e73-9f326520ac4f":{"id":"12d0d0f2-795a-4c28-bf6a-e6fce2c30311","displayName":"Office 365 Outlook","iconUri":"https://connectoricons-prod.azureedge.net/releases/v1.0.1411/1.0.1411.2206/office365/icon.png","dataSources":["Office365Outlook"],"dependencies":[],"dependents":[],"parameterHints":{},"isOnPremiseConnection":false,"bypassConsent":false,"dataSets":{},"apiTier":"Standard","isCustomApiConnection":false,"actions":["SendEmailV2"]}},"databaseReferences":{"default.cds":{"databaseDetails":{"referenceType":"Environmental","environmentName":"default.cds"},"dataSources":{"Flows":{"entitySetName":"admin_flows","logicalName":"admin_flow"},"Environments":{"entitySetName":"admin_environments","logicalName":"admin_environment"},"Makers":{"entitySetName":"admin_makers","logicalName":"admin_maker"},"COE Settings":{"entitySetName":"admin_coesettingses","logicalName":"admin_coesettings"}}}},"almMode":"Environment","performanceOptimizationEnabled":false,"canConsumeAppPass":true,"executionRestrictions":{"isTeamsOnly":false,"dataLossPreventionEvaluationResult":{"status":"Compliant","lastEvaluationDate":"2020-10-18T07:53:05.371263Z","violationDetails":[]}}},"isAppComponentLibrary":false,"appType":"ClassicCanvasApp","appComponents":[]}}