{"schemaVersion":"1.0","appDefinitionTemplate":{"id":"/providers/Microsoft.PowerApps/apps/","type":"Microsoft.PowerApps/apps","tags":{"minimumRequiredApiVersion":"2.2.0","sienaVersion":"20201209T234520Z-3.20113.31.0","primaryDeviceWidth":"1136","primaryDeviceHeight":"640","deviceCapabilities":"","supportsPortrait":"false","supportsLandscape":"true","primaryFormFactor":"Phone","publisherVersion":"3.20113.31","hasComponent":"false","hasUnlockedComponent":"false","isUnifiedRootApp":"false"},"properties":{"appVersion":"2020-12-09T23:45:20Z","lifeCycleId":"Published","createdByClientVersion":{"major":3,"minor":20113,"build":31,"revision":0,"majorRevision":0,"minorRevision":0},"minClientVersion":{"major":3,"minor":20113,"build":31,"revision":0,"majorRevision":0,"minorRevision":0},"backgroundColor":"rgba(0, 176, 240, 1)","backgroundImageUri":"/5312136533953432182/N4652c3e0-c76a-4210-8af1-6df0f946fc23-logoSmallFile","displayName":"Admin - Access this App","description":"","commitMessage":"make not commercial specific","appUris":{"documentUri":{"value":"/5312136533953432182/N9e9a1285-4d55-4fcf-9bac-21dd78a6b567-document.msapp"},"imageUris":[]},"createdTime":"0001-01-01T00:00:00Z","lastModifiedTime":"0001-01-01T00:00:00Z","sharedGroupsCount":0,"sharedUsersCount":0,"icons":{"smallIconUri":"/5312136533953432182/Nea0329a4-11ad-4b1a-b13a-7be3bdb106ae-small.png","mediumIconUri":"/5312136533953432182/Na4d696f0-3ad6-4bcd-82a1-33cb22f09c2b-medium.png","largeIconUri":"/5312136533953432182/Nf67e7af0-28cc-455a-a53a-5308406215c6-large.png","wideIconUri":"/5312136533953432182/Nb34c5048-cf89-4334-9ff0-58b06ebefb7e-wide.png"},"connectionReferences":{"342c8a6e-50ed-45b3-a01f-5899e84f0226":{"id":"1436a65d-6141-4109-bf8b-8b4db684afea","displayName":"Power Apps for Admins","iconUri":"https://connectoricons-prod.azureedge.net/releases/v1.0.1380/1.0.1380.2095/powerappsforadmins/icon.png","dataSources":["PowerAppsforAdmins"],"dependencies":[],"dependents":[],"parameterHints":{},"isOnPremiseConnection":false,"bypassConsent":false,"dataSets":{},"apiTier":"Standard","isCustomApiConnection":false,"actions":["GetAdminAppRoleAssignment","EditAdminAppRoleAssignment","SetAdminAppOwner","RemoveAdminApp"]},"e465491b-4315-4325-b539-b79c0751df52":{"id":"83d9047f-9d75-46d3-96d4-d1f71ae5f731","displayName":"Office 365 Users","iconUri":"https://connectoricons-prod.azureedge.net/releases/v1.0.1411/1.0.1411.2206/office365users/icon.png","dataSources":["Office365Users"],"dependencies":[],"dependents":[],"parameterHints":{},"isOnPremiseConnection":false,"bypassConsent":false,"dataSets":{},"apiTier":"Standard","isCustomApiConnection":false,"actions":["MyProfileV2","UserPhotoMetadata","UserPhoto","UserPhotoV2","SearchUser","UserProfileV2"]},"048ab5c4-80da-401e-8eb2-1b84c3c796bf":{"id":"12d0d0f2-795a-4c28-bf6a-e6fce2c30311","displayName":"Office 365 Outlook","iconUri":"https://connectoricons-prod.azureedge.net/releases/v1.0.1411/1.0.1411.2206/office365/icon.png","dataSources":["Office365Outlook"],"dependencies":[],"dependents":[],"parameterHints":{},"isOnPremiseConnection":false,"bypassConsent":false,"dataSets":{},"apiTier":"Standard","isCustomApiConnection":false,"actions":["SendEmailV2"]}},"databaseReferences":{"default.cds":{"databaseDetails":{"referenceType":"Environmental","environmentName":"default.cds"},"dataSources":{"PowerApps Apps":{"entitySetName":"admin_apps","logicalName":"admin_app"},"PowerApps Connectors":{"entitySetName":"admin_connectors","logicalName":"admin_connector"},"Environments":{"entitySetName":"admin_environments","logicalName":"admin_environment"},"COE Settings":{"entitySetName":"admin_coesettingses","logicalName":"admin_coesettings"}}}},"almMode":"Environment","performanceOptimizationEnabled":false,"canConsumeAppPass":true,"executionRestrictions":{"isTeamsOnly":false,"dataLossPreventionEvaluationResult":{"status":"Compliant","lastEvaluationDate":"2020-10-18T07:53:08.0744055Z","violationDetails":[]}}},"isAppComponentLibrary":false,"appType":"ClassicCanvasApp","appComponents":[]}}